{"cameraMode":{"drawMode":0,"name":"Shaded","section":"Shading Mode"},"sceneLighting":false,"audioPlay":false,"sceneViewState":{"showFog":true,"showMaterialUpdate":false,"showSkybox":false,"showFlares":true,"showImageEffects":true,"showParticleSystems":true},"in2DMode":false,"pivot":{"x":-1.965999960899353,"y":0.5198909640312195,"z":0.40299999713897707},"rotation":{"x":0.1393420547246933,"y":0.7258451581001282,"z":-0.15427610278129579,"w":0.6557280421257019},"size":1.3430757522583008,"orthographic":false}