{"cameraMode":{"drawMode":0,"name":"Shaded","section":"Shading Mode"},"sceneLighting":false,"audioPlay":false,"sceneViewState":{"showFog":true,"showMaterialUpdate":false,"showSkybox":true,"showFlares":true,"showImageEffects":true,"showParticleSystems":true},"in2DMode":false,"pivot":{"x":-1.910327434539795,"y":-1.4088516235351563,"z":-1.804671049118042},"rotation":{"x":-0.196689173579216,"y":0.7741165161132813,"z":-0.28819966316223147,"w":-0.5282486081123352},"size":12.528887748718262,"orthographic":false}